Fecha,Hora,Condición,Temperatura (°C),Humedad (%)
2026-03-14,11:46:40,Lluvia ligera,24.27,75
2026-03-14,12:46:41,Lluvia ligera,23.53,79
2026-03-14,13:46:42,Lluvia ligera,22.98,81
2026-03-14,15:37:08,Lluvia moderada,21.92,85
2026-03-14,16:37:14,Lluvia moderada,21.17,87
2026-03-14,17:37:15,Lluvia moderada,20.38,90
2026-03-14,18:37:16,Lluvia moderada,19.86,91
2026-03-14,18:55:33,Lluvia moderada,19.86,91
2026-03-14,20:06:39,Lluvia ligera,19.66,90
2026-03-14,21:26:05,Lluvia ligera,19.52,91
2026-03-14,23:00:25,Lluvia ligera,19.71,88
2026-03-14,23:05:54,Lluvia ligera,19.71,88
2026-03-15,00:44:56,Nubes,19.64,88
2026-03-15,02:13:10,Nubes,19.5,88
2026-03-15,02:53:25,Nubes,19.33,89
2026-03-15,03:54:35,Nubes,19.1,90
2026-03-15,04:49:35,Nubes,18.92,90
2026-03-15,05:49:08,Nubes,18.61,90
2026-03-15,06:39:08,Nubes,19.04,88
2026-03-15,08:16:35,Nubes,20.72,81
2026-03-15,09:49:57,Nubes,23.51,72
2026-03-15,10:43:57,Lluvia ligera,24.25,71
2026-03-15,11:48:38,Lluvia ligera,24.18,74
2026-03-15,12:44:24,Lluvia ligera,23.77,78
2026-03-15,13:58:23,Lluvia ligera,23.25,80
2026-03-15,14:42:59,Lluvia ligera,22.73,81
2026-03-15,15:46:22,Lluvia ligera,22.08,84
2026-03-15,15:56:48,Lluvia ligera,22.08,84
2026-03-15,16:03:01,Lluvia ligera,22.08,84
2026-03-15,16:14:46,Lluvia ligera,22.08,84
2026-03-15,16:41:50,Lluvia ligera,21.66,86
2026-03-15,17:47:25,Lluvia ligera,20.42,90
2026-03-15,18:20:55,Lluvia ligera,20.42,90
2026-03-15,18:44:15,Lluvia ligera,19,88
2026-03-15,21:23:36,Lluvia ligera,20.26,88
2026-03-15,22:27:49,Lluvia ligera,20.02,89
2026-03-15,22:33:28,Lluvia ligera,20.02,89
2026-03-16,00:56:43,Lluvia ligera,19.38,90
2026-03-16,02:48:36,Nubes,18.79,91
2026-03-16,04:13:22,Nubes,18.7,90
2026-03-16,05:16:30,Nubes,18.64,89
2026-03-16,06:57:20,Muy nuboso,19.11,84
2026-03-16,08:21:53,Muy nuboso,21.22,77
2026-03-16,08:54:11,Muy nuboso,22.93,71
2026-03-16,10:18:50,Muy nuboso,24.48,66
2026-03-16,12:07:22,Lluvia ligera,26.17,64
2026-03-16,12:17:18,Lluvia ligera,26.17,64
2026-03-16,14:00:01,Lluvia ligera,25.12,73
2026-03-16,14:20:13,Lluvia ligera,25.12,73
2026-03-16,15:57:50,Lluvia ligera,23.85,77
2026-03-16,16:54:30,Lluvia ligera,22.96,82
2026-03-16,17:25:44,Lluvia ligera,22.96,82
2026-03-16,17:37:41,Lluvia ligera,21.76,86
2026-03-16,17:51:54,Lluvia ligera,21.76,86
2026-03-16,17:56:32,Lluvia ligera,21.76,86
2026-03-16,18:05:12,Lluvia moderada,21.76,86
2026-03-16,18:23:38,Lluvia moderada,21.76,86
2026-03-16,18:43:39,Lluvia ligera,20.78,90
2026-03-16,21:46:13,Lluvia ligera,20.34,90
2026-03-16,22:12:23,Lluvia ligera,20.34,90
2026-03-17,00:03:26,Lluvia ligera,19.81,92
2026-03-17,01:12:56,Lluvia ligera,19.64,92
2026-03-17,02:20:03,Nubes,19.42,92
2026-03-17,04:08:16,Nubes,19.06,92
2026-03-17,05:08:57,Nubes,18.97,93
2026-03-17,06:08:20,Nubes,19,92
2026-03-17,06:29:33,Lluvia ligera,19,92
2026-03-17,06:54:56,Nubes,19.41,90
2026-03-17,08:51:49,Nubes,21.96,78
2026-03-17,10:17:04,Lluvia ligera,23.36,72
2026-03-17,12:17:56,Nubes,25.18,66
2026-03-17,14:20:01,Lluvia ligera,25.16,67
2026-03-17,15:57:33,Lluvia ligera,23.75,71
2026-03-17,16:53:53,Lluvia ligera,22.96,74
2026-03-17,17:52:59,Lluvia ligera,21.51,80
2026-03-17,18:46:45,Lluvia ligera,20.35,84
2026-03-17,22:20:23,Nubes,19.52,86
2026-03-18,00:41:36,Nubes,17.84,84
2026-03-18,02:17:22,Muy nuboso,18.44,87
2026-03-18,04:07:31,Nubes,17.98,85
2026-03-18,05:11:32,Nubes,17.89,83
2026-03-18,06:10:00,Nubes,17.87,82
2026-03-18,06:58:22,Nubes,18.79,79
2026-03-18,08:53:48,Nubes,22.77,63
2026-03-18,10:38:11,Nubes,25.33,55
2026-03-18,12:17:31,Nubes,25.94,55
2026-03-18,14:17:38,Nubes,26.12,58
2026-03-18,15:56:55,Lluvia ligera,25.07,64
2026-03-18,16:49:55,Lluvia ligera,23.83,70
2026-03-18,17:48:53,Lluvia ligera,22.15,78
2026-03-18,18:42:18,Lluvia ligera,20.94,81
2026-03-18,20:49:41,Nubes,20.07,86
2026-03-18,22:20:14,Nubes,19.82,88
2026-03-19,00:37:42,Nubes,18.9,90
2026-03-19,02:13:47,Nubes,18.91,89
2026-03-19,02:56:54,Nubes,18.83,90
2026-03-19,04:01:50,Nubes,18.81,90
2026-03-19,05:01:10,Nubes,18.86,88
2026-03-19,06:01:31,Nubes,18.71,87
2026-03-19,06:50:10,Nubes,19.08,88
2026-03-19,08:42:29,Nubes,21.3,78
2026-03-19,10:06:05,Nubes,22.56,73
2026-03-19,11:08:05,Nubes,23.66,68
2026-03-19,12:14:40,Nubes,24.49,66
2026-03-19,13:04:44,Nubes,25.03,64
2026-03-19,14:14:43,Muy nuboso,25.15,63
2026-03-19,14:54:31,Muy nuboso,24.93,64
2026-03-19,15:56:46,Lluvia ligera,24.25,66
2026-03-19,16:49:03,Muy nuboso,23.28,71
2026-03-19,17:48:25,Lluvia ligera,21.89,77
2026-03-19,18:44:01,Lluvia ligera,20.32,84
2026-03-19,22:09:50,Nubes,19.54,83
2026-03-19,23:57:27,Nubes,18.49,84
2026-03-20,01:06:57,Nubes,18.03,85
2026-03-20,02:13:40,Muy nuboso,17.6,86
2026-03-20,02:56:20,Muy nuboso,17.37,86
2026-03-20,03:59:38,Muy nuboso,17.18,87
2026-03-20,04:57:55,Muy nuboso,17.13,87
2026-03-20,05:57:31,Nubes,17.06,87
2026-03-20,06:45:59,Muy nuboso,17.56,78
2026-03-20,08:34:23,Muy nuboso,21.4,71
2026-03-20,10:01:39,Muy nuboso,22.67,67
2026-03-20,10:58:37,Muy nuboso,23.77,65
2026-03-20,12:01:36,Muy nuboso,24.67,62
2026-03-20,12:52:49,Muy nuboso,25.01,57
2026-03-20,14:06:25,Muy nuboso,25.41,60
2026-03-20,14:49:32,Nubes dispersas,25.15,61
2026-03-20,15:49:53,Muy nuboso,24.43,63
2026-03-20,16:44:42,Muy nuboso,23.51,67
2026-03-20,17:47:47,Muy nuboso,22.29,73
2026-03-20,18:43:39,Muy nuboso,20.96,77
2026-03-20,21:47:19,Nubes,19.42,80
2026-03-20,23:46:56,Nubes,18.37,83
2026-03-21,00:54:46,Nubes,17.89,84
2026-03-21,02:03:26,Nubes,17.53,83
2026-03-21,02:46:13,Nubes,17.36,83
2026-03-21,03:50:20,Nubes,17.23,82
2026-03-21,04:46:12,Nubes,17.13,81
2026-03-21,05:45:49,Nubes,16.94,80
2026-03-21,06:35:05,Nubes,18.26,76
2026-03-21,08:12:14,Nubes,20.15,69
2026-03-21,08:52:37,Nubes,21.57,65
2026-03-21,09:44:35,Nubes,22.97,61
2026-03-21,10:39:45,Nubes,24.12,59
2026-03-21,11:46:48,Nubes,24.83,59
2026-03-21,12:40:21,Muy nuboso,25.24,60
2026-03-21,13:54:14,Nubes,25.07,61
2026-03-21,14:35:49,Nubes,24.58,64
2026-03-21,15:43:21,Nubes,23.75,65
2026-03-21,16:38:25,Nubes,22.81,70
2026-03-21,17:43:28,Nubes,21.86,75
2026-03-21,18:38:33,Nubes,20.64,78
2026-03-21,22:20:51,Nubes,19.29,81
2026-03-22,00:32:53,Nubes,17.93,85
2026-03-22,02:08:46,Nubes dispersas,17.38,84
2026-03-22,02:49:58,Nubes dispersas,17.04,84
2026-03-22,03:51:53,Nubes dispersas,16.81,84
2026-03-22,04:47:45,Nubes dispersas,16.63,83
2026-03-22,05:46:49,Nubes dispersas,16.6,82
2026-03-22,06:35:47,Nubes dispersas,18,79
2026-03-22,08:13:58,Algo de nubes,20.32,70
2026-03-22,08:54:02,Algo de nubes,22.05,64
2026-03-22,09:45:48,Algo de nubes,23.67,59
2026-03-22,10:40:32,Algo de nubes,24.81,57
2026-03-22,11:47:14,Nubes dispersas,25.55,57
2026-03-22,12:40:33,Nubes dispersas,25.7,60
2026-03-22,13:55:34,Muy nuboso,25.15,63
2026-03-22,14:38:09,Lluvia ligera,24.3,67
2026-03-22,15:44:55,Lluvia ligera,23.92,67
2026-03-22,16:40:18,Lluvia ligera,23.4,69
2026-03-22,17:45:05,Muy nuboso,22.21,74
2026-03-22,18:43:31,Muy nuboso,21.01,75
2026-03-22,22:23:42,Nubes,18.96,80
2026-03-23,00:47:09,Nubes,17.99,83
2026-03-23,02:39:12,Nubes,17.8,85
2026-03-23,04:12:57,Nubes,17.65,85
2026-03-23,05:14:57,Nubes,17.32,85
2026-03-23,06:10:52,Nubes,17.12,85
2026-03-23,06:55:18,Muy nuboso,18.23,82
2026-03-23,08:49:09,Muy nuboso,21.9,71
2026-03-23,10:15:17,Muy nuboso,23.51,66
2026-03-23,11:13:03,Muy nuboso,24.67,64
2026-03-23,12:10:27,Lluvia ligera,24.85,66
2026-03-23,13:04:12,Lluvia ligera,24.28,71
2026-03-23,14:13:13,Lluvia ligera,23.95,73
2026-03-23,14:56:32,Lluvia ligera,23.43,74
2026-03-23,15:54:43,Lluvia ligera,23.04,75
2026-03-23,16:50:20,Lluvia ligera,22.29,78
2026-03-23,17:52:04,Lluvia ligera,21.35,82
2026-03-23,18:47:09,Lluvia ligera,19.34,81
2026-03-23,22:13:14,Nubes,19.58,88
2026-03-24,00:04:41,Nubes,19.3,90
2026-03-24,01:13:18,Lluvia ligera,19.38,89
2026-03-24,02:30:59,Nubes,19.17,89
2026-03-24,04:08:50,Nubes,18.95,90
2026-03-24,05:09:24,Nubes,18.69,90
2026-03-24,06:09:26,Nubes,18.66,89
2026-03-24,06:56:31,Nubes,19.4,87
2026-03-24,08:50:53,Muy nuboso,21.4,79
2026-03-24,10:19:24,Lluvia ligera,22.33,77
2026-03-24,12:14:35,Lluvia ligera,23.65,74
2026-03-24,13:09:43,Lluvia ligera,24.43,70
2026-03-24,14:21:16,Lluvia ligera,24.18,71
2026-03-24,15:57:57,Lluvia ligera,23.55,72
2026-03-24,16:52:30,Lluvia ligera,22.82,73
2026-03-24,17:50:17,Lluvia ligera,21.71,77
2026-03-24,18:46:04,Lluvia ligera,21.35,78
2026-03-24,22:18:27,Nubes,20.13,84
2026-03-25,00:38:43,Nubes,17.86,83
2026-03-25,02:17:55,Nubes,18.9,89
2026-03-25,04:08:37,Nubes,18.39,91
2026-03-25,05:08:41,Nubes,17.91,92
2026-03-25,06:07:25,Nubes,17.79,91
2026-03-25,06:56:10,Nubes,19.17,88
2026-03-25,08:49:55,Lluvia ligera,21.73,78
2026-03-25,10:21:09,Lluvia ligera,22.94,74
2026-03-25,12:17:14,Lluvia moderada,23.54,76
2026-03-25,14:11:34,Lluvia ligera,23.25,77
2026-03-25,14:54:47,Lluvia ligera,22.9,78
2026-03-25,15:55:30,Lluvia ligera,22.13,79
2026-03-25,16:53:54,Lluvia ligera,21.59,81
2026-03-25,17:56:29,Lluvia ligera,20.96,83
2026-03-25,18:51:00,Lluvia ligera,20.63,84
2026-03-25,22:27:06,Nubes,20.25,84
2026-03-26,00:49:42,Nubes,19.25,87
2026-03-26,02:36:23,Nubes,18.57,89
2026-03-26,04:13:47,Nubes,18.38,90
2026-03-26,05:13:18,Nubes,18.26,91
2026-03-26,06:13:02,Nubes,18.22,91
2026-03-26,07:00:52,Lluvia ligera,18.85,88
2026-03-26,08:58:30,Lluvia ligera,20.57,82
2026-03-26,10:40:14,Lluvia ligera,22.24,77
2026-03-26,12:18:28,Lluvia ligera,23.38,73
2026-03-26,14:32:05,Lluvia ligera,23.43,74
2026-03-26,15:51:13,Lluvia ligera,22.59,78
2026-03-26,16:45:53,Lluvia ligera,21.87,81
2026-03-26,17:50:28,Lluvia ligera,21.17,83
2026-03-26,18:47:14,Lluvia ligera,20.8,84
2026-03-26,22:29:49,Nubes,20.18,84
2026-03-27,00:50:25,Nubes,19.38,84
2026-03-27,02:35:04,Nubes,19.34,85
2026-03-27,04:08:16,Nubes,19.13,86
2026-03-27,05:06:21,Nubes,18.94,87
2026-03-27,06:06:51,Nubes,18.84,86
2026-03-27,06:55:52,Nubes,19.41,84
2026-03-27,08:43:10,Muy nuboso,22.42,74
2026-03-27,10:08:54,Lluvia ligera,23.65,70
2026-03-27,11:06:08,Lluvia ligera,23.9,70
2026-03-27,12:10:29,Lluvia ligera,23.88,72
2026-03-27,13:04:18,Lluvia ligera,23.7,75
2026-03-27,14:11:51,Lluvia ligera,22.96,78
2026-03-27,14:51:47,Lluvia ligera,22.47,80
2026-03-27,15:55:42,Lluvia ligera,21.87,82
2026-03-27,16:50:56,Lluvia ligera,21.12,84
2026-03-27,17:52:10,Lluvia ligera,20.61,86
2026-03-27,18:46:12,Nubes,20.56,86
2026-03-27,22:15:41,Nubes,19.66,87
2026-03-28,00:35:22,Nubes,19.33,86
2026-03-28,02:13:41,Nubes,19.22,86
2026-03-28,02:54:31,Nubes,19.09,85
2026-03-28,03:57:29,Nubes,18.94,85
2026-03-28,04:52:35,Nubes,18.83,85
2026-03-28,05:51:18,Nubes,18.83,85
2026-03-28,06:40:47,Nubes,19.77,82
2026-03-28,08:19:01,Muy nuboso,21.37,75
2026-03-28,09:51:23,Muy nuboso,24.18,66
2026-03-28,10:46:47,Lluvia ligera,25.19,64
2026-03-28,11:50:39,Lluvia ligera,25.13,65
2026-03-28,12:45:52,Lluvia ligera,24.79,69
2026-03-28,13:59:48,Lluvia ligera,24.28,72
2026-03-28,14:45:01,Lluvia ligera,23.18,76
2026-03-28,15:48:57,Lluvia ligera,22.27,80
2026-03-28,16:44:17,Lluvia ligera,21.38,83
2026-03-28,17:48:17,Lluvia ligera,20.9,84
2026-03-28,18:46:23,Nubes,20.69,84
2026-03-28,22:34:52,Lluvia ligera,19.36,83
2026-03-29,00:50:57,Nubes,19.03,84
2026-03-29,02:19:16,Nubes,18.99,84
2026-03-29,03:58:35,Nubes,19.05,84
2026-03-29,04:53:13,Nubes,18.83,84
2026-03-29,05:53:43,Nubes,18.59,85
2026-03-29,06:43:04,Nubes,19.22,82
2026-03-29,08:19:43,Nubes,20.72,76
2026-03-29,09:52:39,Nubes,23.76,66
2026-03-29,10:46:28,Lluvia ligera,24.96,63
2026-03-29,11:51:39,Lluvia ligera,25.18,64
2026-03-29,12:48:29,Lluvia ligera,24.91,68
2026-03-29,14:02:15,Lluvia ligera,24.66,70
2026-03-29,14:46:36,Lluvia ligera,23.94,73
2026-03-29,15:49:57,Lluvia ligera,23.2,76
2026-03-29,16:46:48,Lluvia ligera,22.49,79
2026-03-29,17:51:06,Lluvia ligera,21.59,82
2026-03-29,18:48:19,Lluvia ligera,21.04,83
2026-03-29,22:41:10,Lluvia ligera,19.76,84
2026-03-30,01:06:41,Nubes,19.04,86
2026-03-30,03:00:55,Nubes,18.51,86
2026-03-30,04:47:47,Nubes,18.21,87
2026-03-30,06:18:25,Nubes,18.16,86
2026-03-30,09:02:42,Algo de nubes,22.44,71
2026-03-30,10:40:11,Lluvia ligera,24.84,64
2026-03-30,12:11:04,Lluvia ligera,25.16,65
2026-03-30,13:06:08,Lluvia ligera,25.01,68
2026-03-30,14:19:02,Lluvia ligera,24.71,70
2026-03-30,16:02:15,Lluvia ligera,22.92,78
2026-03-30,16:57:14,Lluvia ligera,22.24,81
2026-03-30,17:56:10,Lluvia ligera,21.47,84
2026-03-30,18:51:09,Lluvia ligera,21.07,84
2026-03-30,22:29:25,Nubes,20.28,86
2026-03-31,00:53:34,Nubes,19.11,86
2026-03-31,02:44:31,Nubes,18.83,86
2026-03-31,04:17:00,Nubes,18.78,86
2026-03-31,06:10:34,Lluvia ligera,18.98,86
2026-03-31,06:59:59,Nubes,19.09,86
2026-03-31,09:01:49,Lluvia ligera,21.67,78
2026-03-31,10:35:52,Lluvia ligera,24.07,71
2026-03-31,12:14:09,Lluvia ligera,24.27,71
2026-03-31,13:08:15,Lluvia ligera,24.25,72
2026-03-31,14:19:22,Lluvia moderada,24.34,73
2026-03-31,15:57:25,Lluvia moderada,23.1,78
2026-03-31,16:54:52,Lluvia ligera,22.43,81
2026-03-31,17:52:32,Lluvia ligera,21.44,85
2026-03-31,18:48:52,Lluvia ligera,20.7,88
2026-03-31,22:45:13,Nubes,19.77,89
2026-04-01,01:03:56,Nubes,19.24,91
2026-04-01,02:53:49,Nubes,18.62,92
2026-04-01,04:21:46,Nubes,18.58,93
2026-04-01,06:13:34,Nubes,18.11,92
2026-04-01,07:02:31,Nubes,18.58,89
2026-04-01,09:04:40,Nubes,21.22,77
2026-04-01,10:40:50,Nubes,23.46,70
2026-04-01,12:11:21,Nubes,24.28,68
2026-04-01,13:03:12,Nubes,24.85,65
2026-04-01,14:21:36,Nubes,24.76,66
2026-04-01,16:01:12,Nubes,24.1,66
2026-04-01,16:57:47,Nubes,23.57,68
2026-04-01,17:57:40,Nubes,22.43,74
2026-04-01,18:50:06,Nubes,21.29,77
2026-04-01,22:25:49,Nubes,19.47,79
2026-04-02,00:49:16,Nubes,18.47,72
2026-04-02,02:41:04,Nubes,18.11,82
2026-04-02,04:14:18,Nubes,17.73,83
2026-04-02,05:12:43,Nubes,17.24,84
2026-04-02,06:10:30,Nubes,17,83
2026-04-02,06:57:39,Muy nuboso,18.21,77
2026-04-02,08:56:52,Muy nuboso,21.9,65
2026-04-02,10:15:18,Muy nuboso,23.59,60
2026-04-02,12:09:13,Muy nuboso,25.59,58
2026-04-02,13:00:24,Muy nuboso,25.79,60
2026-04-02,14:15:26,Lluvia ligera,24.91,65
2026-04-02,15:54:17,Lluvia ligera,23.64,69
2026-04-02,16:52:20,Lluvia ligera,23.03,71
2026-04-02,17:51:42,Nubes,22.17,75
2026-04-02,18:49:44,Nubes,21.76,75
2026-04-02,22:27:28,Nubes,19.89,79
2026-04-03,00:49:30,Nubes,18.82,84
2026-04-03,02:37:16,Nubes,18.47,86
2026-04-03,04:09:50,Nubes,18.31,87
2026-04-03,05:02:52,Nubes,18.05,88
2026-04-03,06:03:13,Nubes,17.98,88
2026-04-03,06:53:12,Nubes,18.68,85
2026-04-03,08:38:00,Nubes,21.94,74
2026-04-03,10:01:27,Nubes,23.38,68
2026-04-03,10:53:01,Nubes,24.74,63
2026-04-03,11:56:53,Lluvia ligera,25.31,63
2026-04-03,12:52:28,Lluvia ligera,25.16,65
2026-04-03,14:05:46,Lluvia ligera,25.26,66
2026-04-03,14:52:40,Lluvia ligera,24.6,69
2026-04-03,15:54:08,Lluvia ligera,23.7,73
2026-04-03,16:49:35,Lluvia ligera,22.76,77
2026-04-03,17:53:21,Lluvia ligera,21.68,82
2026-04-03,18:49:04,Lluvia ligera,21.03,84
2026-04-03,22:15:36,Nubes,19.46,86
2026-04-04,00:35:25,Nubes,18.35,88
2026-04-04,02:17:18,Muy nuboso,17.92,88
2026-04-04,03:59:36,Muy nuboso,17.59,89
2026-04-04,04:54:11,Nubes,17.2,89
2026-04-04,05:52:48,Muy nuboso,16.9,88
2026-04-04,06:43:10,Muy nuboso,17.74,87
2026-04-04,08:20:06,Nubes dispersas,20.28,77
2026-04-04,09:51:34,Nubes dispersas,24.16,62
2026-04-04,10:46:57,Nubes dispersas,25.38,58
2026-04-04,11:52:48,Nubes dispersas,25.97,58
2026-04-04,12:48:04,Lluvia ligera,25.46,64
2026-04-04,14:01:10,Lluvia ligera,24.88,67
2026-04-04,14:45:33,Lluvia ligera,24.06,70
2026-04-04,15:49:47,Lluvia ligera,22.92,75
2026-04-04,16:46:12,Lluvia ligera,21.7,82
2026-04-04,17:48:55,Lluvia ligera,20.91,86
2026-04-04,18:46:20,Nubes,20.55,87
2026-04-04,22:36:44,Nubes,19.29,87
2026-04-05,00:53:01,Nubes,18.62,87
2026-04-05,02:32:22,Nubes,18.1,89
2026-04-05,04:00:12,Nubes,18.04,89
2026-04-05,04:55:30,Nubes,17.96,89
2026-04-05,05:54:33,Nubes,17.93,89
2026-04-05,06:45:06,Nubes,17.95,80
2026-04-05,08:21:15,Nubes,20.84,78
2026-04-05,09:54:07,Nubes,24.08,66
2026-04-05,10:47:35,Nubes,25.26,62
2026-04-05,11:53:17,Lluvia ligera,25.33,63
2026-04-05,12:49:09,Lluvia ligera,24.96,68
2026-04-05,14:03:44,Lluvia ligera,24.25,71
2026-04-05,14:48:43,Lluvia ligera,23.64,74
2026-04-05,15:50:04,Lluvia ligera,22.97,77
2026-04-05,16:46:39,Lluvia ligera,22.18,81
2026-04-05,17:50:55,Lluvia ligera,21.31,85
2026-04-05,18:49:36,Lluvia ligera,19.94,81
2026-04-05,22:40:32,Nubes,19.7,85
2026-04-06,01:07:06,Nubes,19.52,85
2026-04-06,03:01:55,Nubes,18.75,85
2026-04-06,04:41:37,Nubes,18.28,86
2026-04-06,06:12:33,Nubes,18.14,86
2026-04-06,06:59:03,Nubes,18.71,84
2026-04-06,08:46:00,Nubes,22.01,71
2026-04-06,10:06:02,Nubes,23.48,66
2026-04-06,11:01:11,Nubes,24.85,62
2026-04-06,12:06:43,Lluvia ligera,25.53,60
2026-04-06,13:04:33,Lluvia ligera,26.12,59
2026-04-06,14:19:51,Lluvia ligera,25.85,61
2026-04-06,15:55:35,Lluvia ligera,24.6,68
2026-04-06,16:51:13,Lluvia ligera,23.73,72
2026-04-06,17:56:15,Nubes,22.64,78
2026-04-06,18:51:20,Nubes,21.59,78
2026-04-06,22:30:26,Nubes,19.17,83
2026-04-07,00:55:50,Nubes,18.6,85
2026-04-07,02:49:34,Nubes,18.44,86
2026-04-07,04:19:40,Nubes,18.28,87
2026-04-07,06:14:18,Nubes,18.39,85
2026-04-07,07:04:34,Nubes,19.2,82
2026-04-07,09:00:53,Nubes,22.95,67
2026-04-07,10:42:50,Lluvia ligera,25.61,60
2026-04-07,12:15:33,Lluvia ligera,25.87,61
2026-04-07,14:31:53,Lluvia ligera,24.84,67
2026-04-07,16:03:32,Lluvia ligera,24.14,71
2026-04-07,16:57:45,Lluvia ligera,23.25,75
2026-04-07,17:58:09,Lluvia ligera,22.33,79
2026-04-07,18:54:23,Nubes,21.85,79
2026-04-07,22:32:02,Nubes,19.7,83
2026-04-08,00:57:38,Nubes,19.27,84
2026-04-08,02:52:39,Nubes,18.76,86
2026-04-08,04:18:41,Muy nuboso,18.33,87
2026-04-08,06:15:17,Muy nuboso,18.06,85
2026-04-08,07:04:58,Muy nuboso,19.07,82
2026-04-08,09:02:11,Nubes,22.51,72
2026-04-08,10:43:35,Nubes,24.07,67
2026-04-08,12:20:07,Nubes,24.44,65
2026-04-08,14:40:34,Nubes,25.43,61
2026-04-08,16:01:57,Nubes,24.79,63
2026-04-08,16:59:42,Nubes,24.1,68
2026-04-08,18:00:33,Nubes,22.61,77
2026-04-08,18:52:31,Nubes,21.77,77
2026-04-08,22:28:16,Nubes,20.12,77
2026-04-09,00:57:35,Nubes,18.35,83
2026-04-09,02:54:42,Muy nuboso,17.85,84
2026-04-09,04:39:47,Muy nuboso,18.12,83
2026-04-09,06:16:32,Muy nuboso,18.39,82
2026-04-09,09:13:52,Nubes,22.83,68
2026-04-09,10:56:11,Nubes,24.87,61
2026-04-09,12:22:03,Nubes,25.23,59
2026-04-09,14:36:43,Lluvia ligera,23.88,67
2026-04-09,16:02:56,Nubes,24.09,65
2026-04-09,16:57:52,Nubes,24.06,66
2026-04-09,18:01:06,Nubes,22.58,75
2026-04-09,18:53:34,Nubes,21.34,77
2026-04-09,22:41:01,Muy nuboso,18.88,80
2026-04-10,01:07:00,Nubes,18.47,80
2026-04-10,02:59:03,Nubes,18.02,82
2026-04-10,04:38:18,Nubes,17.81,82
2026-04-10,06:12:12,Muy nuboso,17.68,82
2026-04-10,07:00:10,Muy nuboso,18.84,79
2026-04-10,08:49:41,Nubes dispersas,23.86,61
2026-04-10,10:06:33,Nubes dispersas,25.54,56
2026-04-10,11:07:01,Nubes dispersas,25.46,52
2026-04-10,12:07:00,Nubes dispersas,27.45,51
2026-04-10,13:00:24,Nubes dispersas,27.85,51
2026-04-10,14:11:49,Nubes dispersas,27.7,53
2026-04-10,14:54:41,Lluvia ligera,27.45,55
2026-04-10,15:55:51,Lluvia ligera,26.37,59
2026-04-10,16:54:20,Lluvia ligera,24.99,65
2026-04-10,17:56:16,Muy nuboso,23.23,72
2026-04-10,18:51:20,Muy nuboso,22.42,62
2026-04-10,22:19:35,Nubes,19.69,80
2026-04-11,00:39:29,Nubes,18.46,83
2026-04-11,02:16:17,Nubes,18.27,82
2026-04-11,04:01:38,Nubes,18.13,81
2026-04-11,04:56:55,Muy nuboso,18.17,80
2026-04-11,05:55:39,Muy nuboso,18.28,79
2026-04-11,06:45:14,Muy nuboso,19.28,79
2026-04-11,08:30:44,Nubes dispersas,23.99,63
2026-04-11,09:55:23,Muy nuboso,25.5,58
2026-04-11,10:47:48,Muy nuboso,26.6,55
2026-04-11,11:54:56,Muy nuboso,27.31,53
2026-04-11,12:49:38,Muy nuboso,27.83,52
2026-04-11,14:04:51,Lluvia ligera,27.55,54
2026-04-11,14:49:09,Lluvia ligera,27,57
2026-04-11,15:50:23,Lluvia ligera,25.77,62
2026-04-11,16:48:24,Lluvia ligera,24.26,69
2026-04-11,17:51:31,Lluvia ligera,22.73,75
2026-04-11,18:50:48,Nubes,21.35,79
2026-04-11,22:45:38,Nubes,19.1,86
2026-04-12,01:02:37,Nubes,18.93,85
2026-04-12,02:43:52,Nubes,18.43,85
2026-04-12,04:04:48,Nubes,18.55,84
2026-04-12,05:00:12,Nubes,18.5,83
2026-04-12,05:58:39,Nubes,18.21,83
2026-04-12,06:48:18,Nubes,19.44,84
2026-04-12,08:34:18,Nubes,22.83,69
2026-04-12,09:57:14,Nubes,25.22,60
2026-04-12,10:51:36,Nubes,26.66,56
2026-04-12,11:57:27,Lluvia ligera,27.26,55
2026-04-12,12:52:15,Lluvia ligera,26.9,59
2026-04-12,14:08:09,Lluvia ligera,26.66,61
2026-04-12,14:52:09,Lluvia ligera,25.99,64
2026-04-12,15:52:36,Lluvia ligera,25.04,68
2026-04-12,16:50:08,Lluvia ligera,23.89,74
2026-04-12,17:54:38,Lluvia ligera,22.27,80
2026-04-12,18:51:53,Lluvia ligera,21.18,83
2026-04-12,22:52:30,Nubes,19.46,86
2026-04-13,01:26:19,Nubes,18.64,87
2026-04-13,04:11:14,Nubes,17.69,89
2026-04-13,05:56:01,Muy nuboso,17.68,88
2026-04-13,07:10:14,Muy nuboso,18.53,86
2026-04-13,09:07:28,Algo de nubes,22.92,70
2026-04-13,10:45:01,Nubes dispersas,26.27,58
2026-04-13,12:19:10,Lluvia ligera,26.67,59
2026-04-13,14:38:49,Lluvia ligera,25.22,68
2026-04-13,16:07:54,Lluvia ligera,24.33,73
2026-04-13,17:02:11,Lluvia ligera,23.42,77
2026-04-13,18:03:11,Lluvia ligera,22.6,79
2026-04-13,18:58:41,Lluvia ligera,21.38,83
2026-04-13,22:41:47,Nubes,19.31,87
2026-04-14,01:10:17,Nubes,18.69,87
2026-04-14,03:03:41,Nubes,18.17,89
2026-04-14,04:49:22,Nubes,18.09,87
2026-04-14,06:19:21,Nubes,17.81,87
2026-04-14,09:11:31,Muy nuboso,23.27,69
2026-04-14,10:39:54,Lluvia ligera,25.69,63
2026-04-14,12:33:49,Lluvia ligera,25.86,66
2026-04-14,14:41:06,Lluvia ligera,24.02,76
2026-04-14,16:07:05,Lluvia ligera,23.52,67
2026-04-14,17:05:03,Lluvia ligera,22.43,82
2026-04-14,18:04:12,Lluvia ligera,21.8,84
2026-04-14,18:58:52,Lluvia ligera,21.35,84
2026-04-14,22:39:59,Lluvia ligera,19.9,90
2026-04-15,01:09:49,Lluvia ligera,19.63,89
2026-04-15,03:04:14,Nubes,19.25,92
2026-04-15,04:50:28,Nubes,19.03,93
2026-04-15,06:16:31,Lluvia ligera,19.08,93
2026-04-15,09:04:51,Lluvia ligera,20.97,84
2026-04-15,10:37:11,Lluvia ligera,22.91,77
2026-04-15,12:18:56,Lluvia ligera,23.25,77
2026-04-15,14:42:31,Lluvia moderada,23.55,76
2026-04-15,16:06:25,Lluvia ligera,23.04,77
2026-04-15,17:04:20,Lluvia ligera,21.91,83
2026-04-15,18:02:41,Lluvia ligera,21.4,84
2026-04-15,18:59:00,Nubes,20.91,84
2026-04-15,22:46:11,Nubes,19.1,86
2026-04-16,01:13:27,Lluvia ligera,18.64,87
2026-04-16,03:04:28,Nubes,18.99,87
2026-04-16,04:48:05,Lluvia ligera,18.84,87
2026-04-16,06:19:48,Lluvia ligera,18.94,86
2026-04-16,09:12:18,Lluvia ligera,21.48,78
2026-04-16,10:56:26,Nubes,24.61,68
2026-04-16,12:42:47,Lluvia ligera,24.51,73
2026-04-16,14:37:44,Lluvia ligera,23.6,76
2026-04-16,16:03:06,Lluvia ligera,22.99,77
2026-04-16,16:58:59,Lluvia ligera,22.32,81
2026-04-16,18:01:50,Lluvia ligera,21.42,83
2026-04-16,18:57:44,Lluvia ligera,20.8,85
2026-04-16,22:44:57,Lluvia ligera,19.61,92
2026-04-17,01:13:40,Nubes,19.48,91
2026-04-17,03:05:17,Lluvia ligera,19.34,92
2026-04-17,04:47:12,Nubes,19.18,91
2026-04-17,06:12:41,Nubes,18.99,90
2026-04-17,07:04:57,Nubes,19.57,87
2026-04-17,08:58:16,Nubes,22.54,73
2026-04-17,10:15:09,Nubes,23.8,68
2026-04-17,11:15:10,Lluvia ligera,24.67,66
2026-04-17,12:09:38,Lluvia ligera,24.93,67
2026-04-17,13:04:43,Lluvia ligera,24.87,68
2026-04-17,14:21:13,Lluvia ligera,24.52,69
2026-04-17,16:03:13,Lluvia ligera,23.01,75
2026-04-17,17:00:48,Lluvia ligera,22.33,78
2026-04-17,18:00:31,Lluvia ligera,21.23,82
2026-04-17,18:55:27,Nubes,21.12,80
2026-04-17,22:29:49,Nubes,19.22,83
2026-04-18,00:50:03,Nubes,18.31,88
2026-04-18,02:34:45,Nubes,18.35,86
2026-04-18,04:04:45,Nubes,18.21,86
2026-04-18,05:01:14,Nubes,17.72,88
2026-04-18,06:00:18,Nubes,17.43,87
2026-04-18,06:48:54,Nubes,17.87,76
2026-04-18,08:35:40,Nubes,21.95,73
2026-04-18,09:57:22,Nubes,23.49,68
2026-04-18,10:53:47,Nubes,24.72,64
2026-04-18,11:58:04,Lluvia ligera,25.34,63
2026-04-18,12:53:36,Lluvia ligera,25.41,63
2026-04-18,14:09:08,Lluvia ligera,24.95,66
2026-04-18,14:53:02,Lluvia ligera,23.81,70
2026-04-18,15:53:01,Lluvia ligera,22.95,74
2026-04-18,16:50:43,Lluvia ligera,22.11,78
2026-04-18,17:54:31,Lluvia ligera,21.11,82
2026-04-18,18:51:05,Lluvia ligera,20.44,83
2026-04-18,22:49:22,Nubes,18.76,86
2026-04-19,01:07:41,Nubes,17.95,90
2026-04-19,02:45:45,Nubes dispersas,17.57,89
2026-04-19,04:06:46,Nubes dispersas,16.96,89
2026-04-19,05:00:54,Nubes dispersas,16.67,89
2026-04-19,05:59:29,Nubes dispersas,16.56,89
2026-04-19,06:49:49,Nubes dispersas,18.01,86
2026-04-19,08:34:32,Nubes dispersas,22.06,70
2026-04-19,09:58:07,Nubes dispersas,23.62,64
2026-04-19,10:53:57,Nubes dispersas,24.79,61
2026-04-19,11:57:55,Nubes dispersas,25.36,61
2026-04-19,12:53:03,Lluvia ligera,25.23,63
2026-04-19,14:09:10,Lluvia ligera,24.81,65
2026-04-19,14:53:24,Lluvia ligera,23.75,69
2026-04-19,15:53:41,Lluvia ligera,22.63,74
2026-04-19,16:51:23,Lluvia ligera,21.66,78
2026-04-19,17:55:39,Lluvia ligera,20.7,83
2026-04-19,18:53:05,Lluvia ligera,19.73,86
2026-04-19,22:51:41,Nubes,19.6,88
2026-04-20,01:26:59,Nubes,18.09,91
2026-04-20,04:18:37,Nubes,17.16,89
2026-04-20,06:42:05,Nubes,18.68,82
2026-04-20,09:10:38,Nubes,22.26,68
2026-04-20,10:43:26,Muy nuboso,24.91,60
2026-04-20,12:18:53,Lluvia ligera,25.5,61
2026-04-20,14:33:09,Lluvia ligera,23.99,70
2026-04-20,16:00:59,Lluvia ligera,22.98,74
2026-04-20,17:02:34,Lluvia ligera,22.08,78
2026-04-20,18:02:39,Nubes,21.32,80
2026-04-20,18:58:25,Nubes,20.69,83
2026-04-20,22:45:44,Nubes,19.15,86
2026-04-21,01:13:33,Nubes,18.33,89
2026-04-21,03:09:34,Nubes,17.84,88
2026-04-21,04:52:00,Nubes,17.36,88
2026-04-21,06:32:56,Nubes,18.84,83
2026-04-21,09:08:25,Nubes,22.04,72
2026-04-21,10:42:32,Nubes,24.42,64
2026-04-21,12:16:01,Lluvia ligera,24.97,64
2026-04-21,14:36:41,Lluvia ligera,24.66,65
2026-04-21,16:05:03,Lluvia ligera,23.62,69
2026-04-21,16:58:49,Lluvia ligera,22.59,73
2026-04-21,17:58:49,Nubes,21.48,78
2026-04-21,18:51:05,Nubes,20.73,81
2026-04-21,22:42:19,Muy nuboso,18.42,84
2026-04-22,01:10:16,Nubes,18.09,85
2026-04-22,03:05:19,Nubes,18,86
2026-04-22,04:52:09,Nubes,17.61,86
2026-04-22,06:21:16,Nubes,17.14,88
2026-04-22,09:08:48,Nubes,22.03,71
2026-04-22,10:39:57,Muy nuboso,24.5,64
2026-04-22,12:14:37,Muy nuboso,25.2,62
2026-04-22,13:14:24,Lluvia ligera,25.44,62
2026-04-22,14:41:06,Lluvia ligera,24.24,67
2026-04-22,16:08:50,Lluvia ligera,23.09,71
2026-04-22,17:04:45,Lluvia ligera,22.29,75
2026-04-22,18:06:12,Lluvia ligera,21.33,78
2026-04-22,19:01:07,Muy nuboso,20.82,76
2026-04-22,22:46:25,Algo de nubes,17.9,82
2026-04-23,01:17:03,Nubes dispersas,17.54,82
2026-04-23,04:02:46,Nubes,17.06,84
2026-04-23,05:47:09,Nubes,16.8,84
2026-04-23,07:09:05,Nubes,18.08,80
2026-04-23,09:10:48,Nubes,21.53,67
2026-04-23,11:07:44,Nubes,24.44,58
2026-04-23,12:44:38,Nubes,24.98,61
2026-04-23,14:40:21,Lluvia ligera,22.73,72
2026-04-23,16:06:56,Nubes,22.67,71
2026-04-23,17:00:55,Nubes,22.37,72
2026-04-23,18:06:25,Nubes,21.12,77
2026-04-23,19:02:29,Nubes,19.83,80
2026-04-23,22:50:00,Nubes,18.05,82
2026-04-24,01:20:13,Nubes,17.32,79
2026-04-24,04:10:08,Muy nuboso,16.16,79
2026-04-24,05:44:21,Muy nuboso,16.14,76
2026-04-24,07:05:47,Muy nuboso,17.77,73
2026-04-24,09:05:53,Nubes,22.31,56
2026-04-24,10:37:46,Nubes,24.86,51
2026-04-24,12:12:42,Nubes,25.74,50
2026-04-24,12:59:58,Nubes,26.2,51
2026-04-24,14:12:11,Nubes,25.74,55
2026-04-24,15:01:30,Nubes,25.3,57
2026-04-24,16:05:51,Nubes,24.37,61
2026-04-24,17:02:07,Nubes,23.56,64
2026-04-24,17:58:00,Nubes,21.74,72
2026-04-24,18:55:17,Nubes,20.01,78
2026-04-24,22:31:43,Nubes,18.27,84
2026-04-25,00:58:43,Nubes,17.69,85
2026-04-25,02:44:49,Nubes,17.2,86
2026-04-25,04:09:44,Nubes,17.04,86
2026-04-25,05:04:40,Nubes,16.91,87
2026-04-25,06:03:38,Nubes,16.58,88
2026-04-25,06:53:31,Nubes,17.57,85
2026-04-25,08:38:43,Muy nuboso,21.41,73
2026-04-25,10:00:19,Muy nuboso,23.02,67
2026-04-25,10:55:21,Lluvia ligera,24.32,62
2026-04-25,12:00:56,Muy nuboso,25.27,58
2026-04-25,12:56:39,Lluvia ligera,25.37,60
2026-04-25,14:11:12,Lluvia ligera,24.33,67
2026-04-25,14:54:33,Lluvia ligera,23.4,72
2026-04-25,15:56:32,Lluvia ligera,22.5,76
2026-04-25,16:52:54,Lluvia ligera,21.84,78
2026-04-25,17:56:17,Nubes,20.97,81
2026-04-25,18:54:26,Nubes,20.59,80
2026-04-25,22:55:20,Lluvia ligera,18.72,85
2026-04-26,01:19:46,Lluvia ligera,18.58,85
2026-04-26,03:37:41,Nubes,18.31,86
2026-04-26,05:05:56,Lluvia ligera,18.56,86
2026-04-26,06:03:14,Lluvia ligera,18.65,85
2026-04-26,06:55:21,Lluvia ligera,19.1,83
2026-04-26,08:40:45,Lluvia ligera,21.67,73
2026-04-26,10:01:21,Lluvia ligera,23.33,67
2026-04-26,10:57:18,Lluvia ligera,24.14,66
2026-04-26,12:02:12,Lluvia ligera,24.42,67
2026-04-26,12:58:08,Lluvia ligera,24.31,69
2026-04-26,14:13:46,Lluvia ligera,24.59,68
2026-04-26,14:57:09,Lluvia ligera,24.07,70
2026-04-26,15:57:14,Lluvia ligera,23.24,73
2026-04-26,16:54:26,Lluvia ligera,22.4,76
2026-04-26,17:58:37,Lluvia ligera,21.34,80
2026-04-26,18:55:38,Nubes,20.68,82
2026-04-26,22:59:32,Nubes,19.14,85
2026-04-27,01:41:01,Nubes,18.43,88
2026-04-27,04:28:57,Nubes,18.48,88
2026-04-27,06:59:29,Lluvia ligera,18.82,88
2026-04-27,09:25:47,Lluvia ligera,19.44,86
2026-04-27,11:55:05,Lluvia ligera,21.63,75
2026-04-27,13:19:54,Lluvia ligera,21.98,74
2026-04-27,15:18:22,Lluvia ligera,21.37,79
2026-04-27,17:06:25,Lluvia ligera,21.69,82
2026-04-27,18:09:59,Lluvia ligera,20.88,86
2026-04-27,19:05:38,Nubes,20.42,86
2026-04-27,23:04:56,Nubes,18.55,87
2026-04-28,01:43:31,Nubes,17.77,85
2026-04-28,04:33:47,Nubes,17.55,85
2026-04-28,07:01:49,Muy nuboso,18,85
2026-04-28,12:02:10,Lluvia ligera,25.02,65
2026-04-28,13:51:28,Lluvia ligera,25.56,65
2026-04-28,15:40:05,Lluvia ligera,23.98,73
2026-04-28,17:10:57,Lluvia ligera,23.08,77
2026-04-28,18:09:34,Lluvia ligera,21.97,82
2026-04-28,19:06:45,Muy nuboso,21.22,81
2026-04-28,23:02:15,Nubes dispersas,18.87,83
2026-04-29,01:37:16,Muy nuboso,17.42,86
2026-04-29,04:23:43,Muy nuboso,17.04,89
2026-04-29,06:54:33,Nubes dispersas,17.57,88
2026-04-29,09:30:02,Algo de nubes,24.12,62
2026-04-29,11:53:26,Lluvia ligera,25.79,59
2026-04-29,13:46:51,Lluvia ligera,25.98,60
2026-04-29,15:20:39,Lluvia ligera,25.44,63
2026-04-29,17:11:13,Lluvia ligera,23.73,71
2026-04-29,18:10:37,Muy nuboso,22.45,77
2026-04-29,19:07:37,Muy nuboso,21.51,79
2026-04-29,23:03:38,Nubes dispersas,18.43,86
2026-04-30,01:41:15,Algo de nubes,17.64,87
2026-04-30,04:25:16,Algo de nubes,17.18,88
2026-04-30,06:53:30,Algo de nubes,17.73,87
2026-04-30,09:23:53,Algo de nubes,21.98,70
2026-04-30,11:46:42,Lluvia ligera,24.99,62
2026-04-30,13:44:31,Lluvia ligera,25.84,61
2026-04-30,15:19:11,Lluvia ligera,25.95,60
2026-04-30,17:08:52,Lluvia ligera,23.64,69
2026-04-30,18:08:58,Lluvia ligera,22.26,75
2026-04-30,19:04:51,Muy nuboso,21.38,77
2026-04-30,23:16:25,Algo de nubes,18.8,81
2026-05-01,02:37:09,Nubes dispersas,17.1,88
2026-05-01,04:57:41,Nubes dispersas,17.22,85
2026-05-01,06:32:54,Nubes dispersas,18.16,82
2026-05-01,08:54:00,Nubes,21.45,75
2026-05-01,10:15:11,Lluvia ligera,22.25,73
2026-05-01,11:13:01,Nubes,23.18,70
2026-05-01,12:14:36,Lluvia ligera,24.52,65
2026-05-01,13:12:54,Lluvia ligera,25.29,62
2026-05-01,14:39:39,Nubes,24.63,65
2026-05-01,16:06:45,Nubes,24.81,64
2026-05-01,17:05:17,Lluvia ligera,24,68
2026-05-01,18:07:22,Lluvia ligera,22,77
2026-05-01,19:05:14,Muy nuboso,20.89,79
2026-05-01,22:50:19,Nubes,18.41,85
2026-05-02,01:19:52,Muy nuboso,18.13,85
2026-05-02,03:43:26,Nubes,18.05,84
2026-05-02,05:10:11,Nubes,17.87,85
2026-05-02,06:06:18,Muy nuboso,17.69,85
2026-05-02,06:58:57,Muy nuboso,18.72,84
2026-05-02,08:47:23,Nubes dispersas,22.56,70
2026-05-02,10:04:39,Lluvia ligera,23.95,65
2026-05-02,11:00:48,Lluvia ligera,25.05,62
2026-05-02,12:06:26,Lluvia ligera,25.7,61
2026-05-02,13:02:31,Lluvia ligera,25.22,64
2026-05-02,14:17:25,Lluvia ligera,25.01,66
2026-05-02,15:59:55,Lluvia ligera,23.34,73
2026-05-02,16:57:33,Lluvia ligera,22.96,75
2026-05-02,18:03:02,Lluvia ligera,21.8,80
2026-05-02,19:00:28,Nubes,21.04,81
2026-05-02,23:10:58,Muy nuboso,19.08,86
2026-05-03,01:40:20,Nubes,19.07,87
2026-05-03,03:56:51,Nubes,18.36,90
2026-05-03,05:15:27,Nubes,18.51,89
2026-05-03,06:57:26,Nubes,19.12,86
2026-05-03,08:48:47,Lluvia ligera,22.17,72
2026-05-03,10:05:18,Lluvia ligera,23.7,66
2026-05-03,11:00:07,Lluvia ligera,24.56,62
2026-05-03,12:07:11,Lluvia ligera,24.79,62
2026-05-03,13:02:30,Lluvia ligera,25.54,59
2026-05-03,14:17:42,Lluvia ligera,25.44,60
2026-05-03,16:02:13,Lluvia ligera,25.23,60
2026-05-03,16:59:42,Lluvia ligera,24.28,65
2026-05-03,18:02:48,Lluvia ligera,22.35,75
2026-05-03,19:02:43,Lluvia ligera,20.62,81
2026-05-03,23:08:23,Nubes,18.82,85
2026-05-04,02:23:01,Muy nuboso,18.19,85
2026-05-04,05:24:41,Muy nuboso,17.96,86
2026-05-04,07:55:08,Nubes dispersas,20.67,77
2026-05-04,10:20:25,Muy nuboso,24.01,64
2026-05-04,12:50:36,Lluvia ligera,25.14,64
2026-05-04,14:54:44,Lluvia ligera,23.82,69
2026-05-04,16:19:34,Lluvia ligera,23.59,70
2026-05-04,18:09:35,Lluvia ligera,21.89,77
2026-05-04,19:07:00,Nubes,20.89,77
2026-05-04,22:49:45,Nubes,19.24,81
2026-05-05,01:28:09,Nubes,18.87,82
2026-05-05,04:19:27,Nubes,19.01,81
2026-05-05,06:37:59,Nubes,19.15,79
2026-05-05,09:23:14,Nubes,23.27,63
2026-05-05,11:54:35,Muy nuboso,26.61,54
2026-05-05,13:46:40,Lluvia ligera,27.15,54
2026-05-05,15:17:16,Lluvia ligera,26.71,57
2026-05-05,17:12:03,Nubes,24.69,65
2026-05-05,18:11:55,Nubes,22.72,73
2026-05-05,19:04:11,Nubes,21.3,77
2026-05-05,23:04:09,Nubes,19.1,83
2026-05-06,01:44:32,Nubes,18.48,83
2026-05-06,04:36:18,Nubes,18.1,83
2026-05-06,07:05:53,Nubes,18.06,73
2026-05-06,09:45:57,Nubes,24.62,60
2026-05-06,11:53:47,Nubes,26.46,55
2026-05-06,13:58:34,Lluvia ligera,26.85,56
2026-05-06,15:45:22,Lluvia ligera,25.45,62
2026-05-06,17:08:36,Lluvia ligera,24.47,66
2026-05-06,18:06:28,Muy nuboso,22.63,75
2026-05-06,19:03:46,Muy nuboso,20.98,80
2026-05-06,23:04:19,Nubes,19.73,86
2026-05-07,02:17:11,Nubes,19.39,85
2026-05-07,05:34:43,Nubes,19.09,85
2026-05-07,08:02:42,Muy nuboso,21.34,75
2026-05-07,10:36:27,Muy nuboso,26.28,56
2026-05-07,12:57:46,Lluvia ligera,26.92,56
2026-05-07,14:53:22,Lluvia ligera,25.96,63
2026-05-07,16:14:23,Lluvia ligera,25.02,67
2026-05-07,17:18:05,Lluvia ligera,23.88,72
2026-05-07,19:06:17,Nubes,21.12,83
2026-05-07,22:53:00,Nubes dispersas,18.47,89
2026-05-08,01:08:38,Nubes dispersas,18.01,89
2026-05-08,02:56:51,Nubes dispersas,17.9,88
2026-05-08,04:52:02,Nubes dispersas,17.81,87
2026-05-08,06:44:41,Algo de nubes,19.18,81
2026-05-08,09:16:12,Algo de nubes,23.23,67
2026-05-08,11:44:43,Lluvia ligera,25.65,64
2026-05-08,13:44:01,Lluvia ligera,25.66,67
2026-05-08,15:15:42,Lluvia ligera,24.78,71
2026-05-08,17:10:53,Lluvia ligera,22.72,80
2026-05-08,18:09:58,Lluvia ligera,21.81,83
2026-05-08,19:09:15,Nubes,21.44,82
2026-05-08,22:54:43,Lluvia ligera,19.22,88
2026-05-09,01:26:34,Nubes dispersas,18.56,88
2026-05-09,03:50:48,Algo de nubes,18.39,87
2026-05-09,05:16:21,Algo de nubes,18.28,86
2026-05-09,07:00:00,Nubes dispersas,19.21,82
2026-05-09,08:51:41,Muy nuboso,23.92,64
2026-05-09,10:12:58,Nubes dispersas,25.04,61
2026-05-09,11:08:59,Nubes dispersas,26.07,57
2026-05-09,12:12:12,Nubes dispersas,27.16,53
2026-05-09,13:05:26,Nubes dispersas,27.53,55
2026-05-09,14:32:35,Lluvia ligera,27.05,59
2026-05-09,16:02:35,Lluvia ligera,26.32,62
2026-05-09,17:01:05,Lluvia ligera,25.01,67
2026-05-09,18:04:14,Lluvia ligera,22.76,78
2026-05-09,19:03:26,Lluvia ligera,20.68,86
2026-05-09,23:14:28,Cielo claro,18.84,87
2026-05-10,01:46:04,Algo de nubes,18.02,89
2026-05-10,04:01:50,Algo de nubes,17.73,89
2026-05-10,05:36:53,Algo de nubes,17.97,87
2026-05-10,07:02:04,Algo de nubes,18.54,87
2026-05-10,08:55:31,Muy nuboso,21.67,76
2026-05-10,10:13:27,Muy nuboso,23.39,69
2026-05-10,11:10:46,Nubes dispersas,24.26,66
2026-05-10,12:13:16,Nubes dispersas,26.28,57
2026-05-10,13:07:23,Nubes dispersas,26.91,55
2026-05-10,14:32:50,Lluvia ligera,25.57,64
2026-05-10,16:05:21,Lluvia ligera,24.68,67
2026-05-10,17:04:10,Lluvia ligera,23.56,72
2026-05-10,18:08:05,Lluvia ligera,22.15,79
2026-05-10,19:07:53,Muy nuboso,21.39,80
2026-05-10,23:35:19,Muy nuboso,18.54,86
2026-05-11,03:35:52,Nubes dispersas,18.14,84
2026-05-11,07:22:22,Nubes dispersas,18.9,83
2026-05-11,11:10:50,Lluvia ligera,24.06,67
2026-05-11,13:04:08,Lluvia ligera,25.15,64
2026-05-11,15:03:08,Lluvia ligera,25.27,64
2026-05-11,16:41:02,Lluvia ligera,23.09,73
2026-05-11,18:10:44,Lluvia ligera,21.85,77
2026-05-11,19:09:49,Nubes,20.41,82
2026-05-11,23:04:43,Nubes,19.41,82
2026-05-12,01:48:16,Nubes,18,85
2026-05-12,04:48:50,Nubes,17.73,84
2026-05-12,07:16:20,Nubes,18.43,83
2026-05-12,10:45:55,Nubes,25.8,55
2026-05-12,13:16:22,Muy nuboso,27.32,50
2026-05-12,15:49:43,Nubes dispersas,27.13,52
2026-05-12,17:35:03,Nubes dispersas,23.28,69
2026-05-12,19:13:12,Nubes dispersas,21.26,75
2026-05-12,23:13:25,Algo de nubes,18.98,81
2026-05-13,02:28:22,Nubes dispersas,17.86,83
2026-05-13,05:42:33,Muy nuboso,17.04,85
2026-05-13,08:28:10,Nubes dispersas,20.99,70
2026-05-13,11:32:44,Algo de nubes,26.58,52
2026-05-13,14:06:04,Nubes dispersas,27.26,50
2026-05-13,15:54:17,Nubes dispersas,26.34,56
2026-05-13,17:37:56,Nubes dispersas,22.78,72
2026-05-13,19:13:59,Nubes dispersas,20.95,78
2026-05-13,23:14:01,Cielo claro,18.81,83
2026-05-14,02:23:31,Cielo claro,17.89,85
2026-05-14,05:32:44,Nubes dispersas,17.08,86
2026-05-14,08:04:12,Algo de nubes,20.65,71
2026-05-14,10:30:55,Algo de nubes,25.99,52
2026-05-14,13:06:55,Algo de nubes,27.5,48
2026-05-14,15:01:21,Algo de nubes,27.55,49
2026-05-14,16:35:58,Algo de nubes,25.71,57
2026-05-14,18:11:56,Algo de nubes,22.79,70
2026-05-14,19:09:48,Algo de nubes,20.7,77
2026-05-14,23:16:51,Cielo claro,18.63,81
2026-05-15,03:17:01,Cielo claro,17.66,82
2026-05-15,06:29:30,Cielo claro,17.26,82
2026-05-15,09:34:22,Cielo claro,25.13,55
2026-05-15,12:00:37,Cielo claro,27.19,48
2026-05-15,13:52:37,Nubes dispersas,27.91,47
2026-05-15,15:34:49,Nubes dispersas,26.82,52
2026-05-15,17:11:03,Nubes dispersas,25.72,57
2026-05-15,18:11:40,Algo de nubes,22.58,70
2026-05-15,19:06:11,Algo de nubes,20.56,77
2026-05-15,23:00:53,Cielo claro,18.83,82
2026-05-16,01:34:26,Cielo claro,18.18,82
2026-05-16,04:01:15,Algo de nubes,17.77,83
2026-05-16,05:37:42,Cielo claro,17.3,84
2026-05-16,07:04:44,Cielo claro,18.19,81
2026-05-16,08:58:53,Cielo claro,23.22,62
2026-05-16,10:15:30,Cielo claro,24.85,56
2026-05-16,12:13:57,Cielo claro,27,50
2026-05-16,13:07:13,Cielo claro,27.51,49
2026-05-16,14:32:19,Nubes dispersas,26.59,55
2026-05-16,16:04:21,Lluvia ligera,25.77,59
2026-05-16,17:05:00,Nubes dispersas,24.68,64
2026-05-16,18:08:16,Nubes dispersas,22.39,73
2026-05-16,19:07:38,Nubes dispersas,20.42,79
2026-05-16,23:31:23,Cielo claro,18.45,83
2026-05-17,02:44:00,Algo de nubes,17.99,83
2026-05-17,04:59:16,Nubes dispersas,17.81,83
2026-05-17,06:32:49,Nubes dispersas,18.64,81
2026-05-17,08:56:17,Cielo claro,23.32,67
2026-05-17,10:16:38,Cielo claro,24.82,61
2026-05-17,12:13:11,Lluvia ligera,26.31,58
2026-05-17,13:10:45,Lluvia ligera,26.4,59
2026-05-17,14:35:43,Lluvia ligera,25.5,64
2026-05-17,16:07:57,Lluvia ligera,24.71,68
2026-05-17,17:07:42,Lluvia ligera,24.09,70
2026-05-17,18:10:24,Muy nuboso,22.56,77
2026-05-17,19:10:14,Muy nuboso,21.24,82
2026-05-17,23:40:58,Nubes dispersas,18.69,87
2026-05-18,03:52:34,Muy nuboso,18.07,88
2026-05-18,07:47:07,Algo de nubes,21.04,78
2026-05-18,11:32:47,Algo de nubes,26.59,56
2026-05-18,14:01:28,Nubes dispersas,27.23,55
2026-05-18,15:44:13,Lluvia ligera,26.03,60
2026-05-18,17:13:27,Nubes dispersas,25.14,64
2026-05-18,18:19:33,Nubes dispersas,22.96,74
2026-05-18,23:33:12,Cielo claro,18.75,84
2026-05-19,03:37:55,Cielo claro,17.82,85
2026-05-19,07:20:05,Cielo claro,18.65,82
2026-05-19,11:31:09,Algo de nubes,26.74,52
2026-05-19,14:16:32,Nubes dispersas,27.64,50
2026-05-19,16:44:31,Nubes dispersas,25.39,60
2026-05-19,18:21:34,Nubes dispersas,22.34,73
2026-05-19,23:35:49,Algo de nubes,18.36,84
2026-05-20,03:35:06,Algo de nubes,17.1,85
2026-05-20,07:03:27,Nubes dispersas,18.01,80
2026-05-20,10:54:37,Nubes dispersas,26.08,53
2026-05-20,13:31:01,Cielo claro,27.85,42
2026-05-20,16:12:50,Nubes dispersas,27.28,50
2026-05-20,17:44:05,Algo de nubes,22.94,68
2026-05-20,19:17:34,Cielo claro,20.54,67
2026-05-21,00:19:14,Algo de nubes,17.78,87
2026-05-21,05:02:33,Algo de nubes,17.31,85
2026-05-21,08:31:36,Nubes,22.53,66
2026-05-21,11:48:52,Muy nuboso,26.61,51
2026-05-21,14:16:48,Nubes,27.27,49
2026-05-21,16:47:19,Nubes,25.51,58
2026-05-21,18:16:18,Nubes,22.78,70
2026-05-21,23:35:05,Muy nuboso,18.1,83
2026-05-22,03:31:12,Muy nuboso,17.8,83
2026-05-22,07:00:15,Nubes,18.14,83
2026-05-22,10:21:34,Muy nuboso,23.95,60
2026-05-22,13:03:50,Muy nuboso,27.29,48
2026-05-22,15:10:01,Nubes dispersas,27.2,49
2026-05-22,16:35:20,Nubes dispersas,25.4,56
2026-05-22,18:18:42,Nubes dispersas,22.36,69
2026-05-22,23:07:00,Algo de nubes,18.17,82
2026-05-23,01:44:32,Algo de nubes,17.16,84
2026-05-23,04:13:38,Algo de nubes,16.82,84
2026-05-23,05:44:22,Algo de nubes,16.72,85
2026-05-23,09:01:59,Algo de nubes,22.35,63
2026-05-23,10:19:25,Algo de nubes,24.64,55
2026-05-23,12:16:10,Cielo claro,27.02,47
2026-05-23,14:37:29,Nubes dispersas,27.1,49
2026-05-23,16:07:40,Nubes dispersas,26.57,51
2026-05-23,17:08:01,Nubes dispersas,25.43,56
2026-05-23,18:10:53,Nubes dispersas,22.39,70
2026-05-23,19:11:38,Nubes dispersas,20.11,78
2026-05-23,23:38:59,Cielo claro,18.06,83
2026-05-24,03:00:08,Cielo claro,17.06,84
2026-05-24,05:09:09,Algo de nubes,16.89,84
2026-05-24,06:41:55,Nubes dispersas,17.57,82
2026-05-24,08:58:29,Muy nuboso,22.49,62
2026-05-24,10:21:57,Muy nuboso,24.92,53
2026-05-24,12:15:04,Nubes dispersas,27.02,47
2026-05-24,13:13:10,Muy nuboso,27.55,45
2026-05-24,14:41:15,Nubes dispersas,27.62,46
2026-05-24,16:10:35,Nubes dispersas,27.2,48
2026-05-24,17:10:11,Nubes dispersas,25.98,53
2026-05-24,18:13:51,Algo de nubes,22.71,67
2026-05-24,19:14:17,Algo de nubes,20.45,75
2026-05-24,23:53:53,Muy nuboso,18.16,81
2026-05-25,07:44:12,Cielo claro,20.6,69
2026-05-25,11:02:46,Cielo claro,26.2,50
2026-05-25,12:56:17,Algo de nubes,27.13,48
2026-05-25,14:58:29,Nubes dispersas,27.47,47
2026-05-25,16:33:37,Nubes dispersas,25.87,54
2026-05-25,18:21:02,Nubes dispersas,22.79,67
2026-05-25,23:33:44,Algo de nubes,17.94,83
2026-05-26,03:42:54,Nubes dispersas,17.19,83
2026-05-26,11:52:14,Nubes dispersas,26.99,47
2026-05-26,14:27:30,Nubes dispersas,27.55,47
2026-05-26,16:57:49,Muy nuboso,26.32,50
2026-05-26,18:33:17,Nubes dispersas,20.5,73
2026-05-26,23:47:05,Algo de nubes,17.6,82
2026-05-27,03:48:08,Nubes dispersas,16.17,84
2026-05-27,07:31:07,Algo de nubes,20.05,70
2026-05-27,11:45:58,Algo de nubes,26.83,45
2026-05-27,14:33:04,Muy nuboso,27.52,45
2026-05-27,17:07:41,Muy nuboso,25.59,52
2026-05-27,18:37:31,Muy nuboso,19.68,75
2026-05-27,23:38:57,Muy nuboso,17.75,83
2026-05-28,03:52:39,Nubes dispersas,16.84,85
2026-05-28,07:44:45,Cielo claro,20.54,70
2026-05-28,12:01:52,Algo de nubes,26.34,50
2026-05-28,14:44:25,Muy nuboso,26.76,52
2026-05-28,17:06:17,Muy nuboso,25.6,57
2026-05-28,18:42:30,Muy nuboso,20.53,78
2026-05-28,23:42:10,Nubes dispersas,18.37,84
2026-05-29,03:51:08,Muy nuboso,17.18,80
2026-05-29,07:26:46,Muy nuboso,18.09,76
2026-05-29,11:53:02,Nubes,26.81,49
2026-05-29,14:40:01,Muy nuboso,26.41,54
2026-05-29,17:04:19,Lluvia ligera,24.88,61
2026-05-29,18:41:33,Muy nuboso,21.54,74
2026-05-29,23:16:32,Nubes dispersas,18.27,86
2026-05-30,02:50:34,Algo de nubes,17.52,85
2026-05-30,05:16:34,Algo de nubes,17.15,86
2026-05-30,07:15:05,Nubes dispersas,18.24,81
2026-05-30,09:06:42,Cielo claro,23.09,64
2026-05-30,10:35:30,Cielo claro,26.06,53
2026-05-30,12:20:17,Algo de nubes,27.01,50
2026-05-30,14:40:29,Lluvia ligera,26.25,58
2026-05-30,16:14:11,Lluvia ligera,25.5,61
2026-05-30,17:14:12,Lluvia ligera,24.42,65
2026-05-30,18:16:25,Lluvia ligera,22.86,72
2026-05-30,23:50:14,Nubes dispersas,18.55,85
2026-05-31,03:22:02,Muy nuboso,17.96,84
2026-05-31,06:05:50,Nubes,17.73,83
2026-05-31,07:20:14,Nubes,18.53,81
2026-05-31,09:55:33,Nubes,24.9,59
2026-05-31,11:36:06,Muy nuboso,26.72,51
2026-05-31,13:16:48,Muy nuboso,27.21,50
2026-05-31,15:20:17,Muy nuboso,27.3,50
2026-05-31,17:12:59,Muy nuboso,25.79,57
2026-05-31,18:19:00,Muy nuboso,22.95,70
2026-06-01,00:15:13,Algo de nubes,18.49,83
2026-06-01,05:32:59,Nubes dispersas,17.32,84
2026-06-01,11:46:11,Muy nuboso,27.58,49
2026-06-01,16:04:00,Muy nuboso,27.32,52
2026-06-01,18:09:11,Muy nuboso,22.85,70
2026-06-01,20:36:07,Cielo claro,19.61,80
2026-06-02,01:56:40,Muy nuboso,17.79,83
2026-06-02,06:42:09,Nubes,18.12,79
2026-06-02,11:54:27,Muy nuboso,27.72,47
2026-06-02,15:18:22,Nubes dispersas,27.55,50
2026-06-02,18:08:19,Nubes dispersas,22.44,72
2026-06-02,20:46:08,Algo de nubes,19.06,82
2026-06-03,02:10:43,Cielo claro,17.7,84
2026-06-03,07:10:17,Nubes dispersas,18.46,81
2026-06-03,12:16:44,Muy nuboso,27.01,49
2026-06-03,16:29:22,Lluvia ligera,25.9,58
2026-06-03,18:59:25,Muy nuboso,20.93,77
2026-06-04,00:03:42,Nubes,18.76,81
2026-06-04,03:59:29,Nubes,17.58,85
2026-06-04,07:17:49,Muy nuboso,18.49,81
2026-06-04,11:28:49,Muy nuboso,24.84,60
2026-06-04,14:30:31,Lluvia ligera,25.25,61
2026-06-04,16:52:46,Lluvia ligera,23.17,71
2026-06-04,18:35:46,Nubes,20.52,82
2026-06-04,23:45:50,Nubes,17.83,88
2026-06-05,03:52:05,Nubes,17.74,87
2026-06-05,07:19:07,Nubes,17.94,85
2026-06-05,11:08:29,Lluvia ligera,24.27,63
2026-06-05,13:07:04,Lluvia ligera,25.05,61
2026-06-05,15:12:09,Lluvia ligera,23.67,69
2026-06-05,16:44:30,Lluvia ligera,22.01,77
2026-06-05,18:37:30,Nubes,20.28,84
2026-06-05,23:19:26,Muy nuboso,18.55,87
2026-06-06,03:01:57,Muy nuboso,17.32,89
2026-06-06,05:21:02,Muy nuboso,17.26,90
2026-06-06,07:17:16,Muy nuboso,17.7,88
2026-06-06,09:52:41,Nubes,23.29,65
2026-06-06,11:18:54,Nubes,24.95,59
2026-06-06,13:20:29,Nubes,26.25,55
2026-06-06,15:34:56,Lluvia ligera,24.03,69
2026-06-06,17:15:52,Lluvia ligera,23.04,73
2026-06-06,19:16:17,Lluvia ligera,20.46,87
2026-06-07,00:51:24,Muy nuboso,17.69,88
2026-06-07,04:35:13,Muy nuboso,16.85,88
2026-06-07,07:01:44,Muy nuboso,17.77,84
2026-06-07,09:19:22,Muy nuboso,22.05,68
2026-06-07,11:43:36,Nubes dispersas,25.94,56
2026-06-07,13:19:20,Lluvia ligera,26.2,57
2026-06-07,15:37:39,Lluvia ligera,22.44,78
2026-06-07,17:17:11,Lluvia ligera,21.74,81
2026-06-07,19:21:18,Nubes,19.94,86
2026-06-08,01:06:12,Nubes,18,88
2026-06-08,06:19:53,Nubes,16.9,89
2026-06-08,11:17:58,Lluvia ligera,24.23,64
2026-06-08,14:34:46,Lluvia ligera,22.2,79
2026-06-08,17:00:21,Lluvia ligera,20.98,85
2026-06-08,18:35:53,Lluvia ligera,20.06,88
2026-06-08,23:33:40,Lluvia ligera,19.13,90
2026-06-09,03:40:31,Lluvia ligera,18.1,95
2026-06-09,07:15:07,Nubes,18.39,91
2026-06-09,10:28:51,Lluvia ligera,21.08,78
2026-06-09,13:20:28,Lluvia ligera,22.2,67
2026-06-09,16:10:17,Lluvia ligera,23.42,70
2026-06-09,17:48:55,Lluvia ligera,21.51,80
2026-06-09,20:30:32,Muy nuboso,19.29,82
2026-06-10,01:42:01,Algo de nubes,17.4,80
2026-06-10,06:03:07,Nubes dispersas,16.95,77
2026-06-10,09:28:35,Nubes dispersas,23.92,52
2026-06-10,13:09:25,Nubes dispersas,28.21,41
2026-06-10,15:44:09,Algo de nubes,27,49
2026-06-10,17:56:12,Algo de nubes,21.82,71
2026-06-10,20:38:18,Nubes dispersas,18.82,78
2026-06-11,02:04:19,Muy nuboso,17.24,84
2026-06-11,06:47:22,Nubes dispersas,16.98,78
2026-06-11,11:19:59,Algo de nubes,25.32,50
2026-06-11,14:44:19,Cielo claro,26.15,54
2026-06-11,17:14:44,Algo de nubes,24.15,64
2026-06-11,18:55:20,Nubes dispersas,20.75,79
2026-06-12,00:01:47,Algo de nubes,17.89,89
2026-06-12,04:10:51,Muy nuboso,17.47,90
2026-06-12,07:29:49,Muy nuboso,17.56,87
2026-06-12,11:27:18,Nubes dispersas,24.5,59
2026-06-12,14:21:10,Nubes dispersas,26.05,55
2026-06-12,17:00:02,Muy nuboso,22.96,69
2026-06-12,18:48:54,Muy nuboso,19.45,80
2026-06-12,23:50:08,Muy nuboso,17.15,85
2026-06-13,03:30:51,Nubes,16.75,85
2026-06-13,06:23:51,Muy nuboso,16.55,86
2026-06-13,09:24:34,Nubes dispersas,21.7,68
2026-06-13,11:45:35,Nubes dispersas,25.91,53
2026-06-13,13:42:53,Muy nuboso,26.39,52
2026-06-13,15:39:51,Muy nuboso,25.54,57
2026-06-13,17:18:42,Muy nuboso,24.69,60
2026-06-13,19:19:52,Nubes dispersas,19.74,69
2026-06-14,01:04:32,Muy nuboso,17.79,83
2026-06-14,04:55:17,Muy nuboso,17.25,84
2026-06-14,07:14:11,Nubes dispersas,16.43,80
2026-06-14,09:30:27,Nubes dispersas,24.06,57
2026-06-14,11:45:49,Nubes dispersas,26.09,50
2026-06-14,13:43:52,Nubes dispersas,26.41,51
2026-06-14,15:40:12,Lluvia ligera,25.66,55
2026-06-14,17:34:41,Lluvia ligera,22.31,70
2026-06-14,20:40:19,Nubes dispersas,19.32,76
2026-06-15,02:37:26,Nubes dispersas,17.67,81
2026-06-15,09:34:41,Nubes,23.85,61
